title	text	path
E	e	https://dictionary.basabali.org/E
Ebah	ebah	https://dictionary.basabali.org/Ebah
Ebahanga	ebahanga	https://dictionary.basabali.org/Ebahanga
Ebak	ebak	https://dictionary.basabali.org/Ebak
Ebat	ebat	https://dictionary.basabali.org/Ebat
Ebeb	ebeb	https://dictionary.basabali.org/Ebeb
Ebed	ebed	https://dictionary.basabali.org/Ebed
Ebek	ebek	https://dictionary.basabali.org/Ebek
Eben	eben	https://dictionary.basabali.org/Eben
Eber-eber	eber-eber	https://dictionary.basabali.org/Eber-eber
Ebet	ebet	https://dictionary.basabali.org/Ebet
Ebog	ebog	https://dictionary.basabali.org/Ebog
Ebuh	ebuh	https://dictionary.basabali.org/Ebuh
Eda	eda	https://dictionary.basabali.org/Eda
Edan	edan	https://dictionary.basabali.org/Edan
Edeh	edeh	https://dictionary.basabali.org/Edeh
Edeng	edeng	https://dictionary.basabali.org/Edeng
Edoh	edoh	https://dictionary.basabali.org/Edoh
Eeb	eeb	https://dictionary.basabali.org/Eeb
Eeb-eeban	eeb-eeban	https://dictionary.basabali.org/Eeb-eeban
Eeb-eebang	eeb-eebang	https://dictionary.basabali.org/Eeb-eebang
Eeba	eeba	https://dictionary.basabali.org/Eeba
Eebang	eebang	https://dictionary.basabali.org/Eebang
Eebanga	eebanga	https://dictionary.basabali.org/Eebanga
Eebin	eebin	https://dictionary.basabali.org/Eebin
Eed	eed	https://dictionary.basabali.org/Eed
Eedang	eedang	https://dictionary.basabali.org/Eedang
Eedanga	eedanga	https://dictionary.basabali.org/Eedanga
Een	een	https://dictionary.basabali.org/Een
Eep	eep	https://dictionary.basabali.org/Eep
Eer	eer	https://dictionary.basabali.org/Eer
Ees	ees	https://dictionary.basabali.org/Ees
Egar	egar	https://dictionary.basabali.org/Egar
Egar-egar	egar-egar	https://dictionary.basabali.org/Egar-egar
Egarang	egarang	https://dictionary.basabali.org/Egarang
Egol	egol	https://dictionary.basabali.org/Egol
Ejang	ejang	https://dictionary.basabali.org/Ejang
Ejangin	ejangin	https://dictionary.basabali.org/Ejangin
Ejep-ejep	ejep-ejep	https://dictionary.basabali.org/Ejep-ejep
Ejuk	ejuk	https://dictionary.basabali.org/Ejuk
Eka	eka	https://dictionary.basabali.org/Eka
Eka Dasa Rudra	eka dasa rudra	https://dictionary.basabali.org/Eka_Dasa_Rudra
Ekan-ekan	ekan-ekan	https://dictionary.basabali.org/Ekan-ekan
Ekawara	ekawara	https://dictionary.basabali.org/Ekawara
Elad	elad	https://dictionary.basabali.org/Elad
Elah	elah	https://dictionary.basabali.org/Elah
Elahan	elahan	https://dictionary.basabali.org/Elahan
Eled	eled	https://dictionary.basabali.org/Eled
Elek	elek	https://dictionary.basabali.org/Elek
Elik	elik	https://dictionary.basabali.org/Elik
Eling	eling	https://dictionary.basabali.org/Eling
Elingang	elingang	https://dictionary.basabali.org/Elingang
Elingin	elingin	https://dictionary.basabali.org/Elingin
Elor	elor	https://dictionary.basabali.org/Elor
Elos	elos	https://dictionary.basabali.org/Elos
Elung	elung	https://dictionary.basabali.org/Elung
Eman	eman	https://dictionary.basabali.org/Eman
Eman-eman	eman-eman	https://dictionary.basabali.org/Eman-eman
Emar	emar	https://dictionary.basabali.org/Emar
Emas	emas	https://dictionary.basabali.org/Emas
Emba	emba	https://dictionary.basabali.org/Emba
Embad	embad	https://dictionary.basabali.org/Embad
Embah	embah	https://dictionary.basabali.org/Embah
Embak	embak	https://dictionary.basabali.org/Embak
Embakan	embakan	https://dictionary.basabali.org/Embakan
Emban	emban	https://dictionary.basabali.org/Emban
Embang	embang	https://dictionary.basabali.org/Embang
Embas	embas	https://dictionary.basabali.org/Embas
Embet	embet	https://dictionary.basabali.org/Embet
Embid	embid	https://dictionary.basabali.org/Embid
Embidan	embidan	https://dictionary.basabali.org/Embidan
Embit	embit	https://dictionary.basabali.org/Embit
Emblim	emblim	https://dictionary.basabali.org/Emblim
Emblong	emblong	https://dictionary.basabali.org/Emblong
Embok	embok	https://dictionary.basabali.org/Embok
Embon	embon	https://dictionary.basabali.org/Embon
Embot	embot	https://dictionary.basabali.org/Embot
Embotan	embotan	https://dictionary.basabali.org/Embotan
Embud	embud	https://dictionary.basabali.org/Embud
Embuh	embuh	https://dictionary.basabali.org/Embuh
Embuk	embuk	https://dictionary.basabali.org/Embuk
Embung	embung	https://dictionary.basabali.org/Embung
Embur	embur	https://dictionary.basabali.org/Embur
Emburanga	emburanga	https://dictionary.basabali.org/Emburanga
Embus	embus	https://dictionary.basabali.org/Embus
Embut	embut	https://dictionary.basabali.org/Embut
Emed	emed	https://dictionary.basabali.org/Emed
Emeg	emeg	https://dictionary.basabali.org/Emeg
Emeng	emeng	https://dictionary.basabali.org/Emeng
Emet	emet	https://dictionary.basabali.org/Emet
Emol	emol	https://dictionary.basabali.org/Emol
Empad	empad	https://dictionary.basabali.org/Empad
Empag	empag	https://dictionary.basabali.org/Empag
Empah	empah	https://dictionary.basabali.org/Empah
Empak	empak	https://dictionary.basabali.org/Empak
Empal	empal	https://dictionary.basabali.org/Empal
Empan	empan	https://dictionary.basabali.org/Empan
Empas	empas	https://dictionary.basabali.org/Empas
Empat	empat	https://dictionary.basabali.org/Empat
Emped	emped	https://dictionary.basabali.org/Emped
Empeg	empeg	https://dictionary.basabali.org/Empeg
Empehan	empehan	https://dictionary.basabali.org/Empehan
Empek-empekan	empek-empekan	https://dictionary.basabali.org/Empek-empekan
Empel	empel	https://dictionary.basabali.org/Empel
Empelan	empelan	https://dictionary.basabali.org/Empelan
Empeng	empeng	https://dictionary.basabali.org/Empeng
Emper-emper	emper-emper	https://dictionary.basabali.org/Emper-emper
Empet	empet	https://dictionary.basabali.org/Empet
Emping	emping	https://dictionary.basabali.org/Emping
Emplegan	emplegan	https://dictionary.basabali.org/Emplegan
Empok	empok	https://dictionary.basabali.org/Empok
Empok-empok	empok-empok	https://dictionary.basabali.org/Empok-empok
Empol	empol	https://dictionary.basabali.org/Empol
Empu	empu	https://dictionary.basabali.org/Empu
Empug	empug	https://dictionary.basabali.org/Empug
Empugan	empugan	https://dictionary.basabali.org/Empugan
Empuk	empuk	https://dictionary.basabali.org/Empuk
Enah	enah	https://dictionary.basabali.org/Enah
Enahang	enahang	https://dictionary.basabali.org/Enahang
Enahanga	enahanga	https://dictionary.basabali.org/Enahanga
Enahina	enahina	https://dictionary.basabali.org/Enahina
Enangan	enangan	https://dictionary.basabali.org/Enangan
Enap	enap	https://dictionary.basabali.org/Enap
Encag-encig	encag-encig	https://dictionary.basabali.org/Encag-encig
Encah	encah	https://dictionary.basabali.org/Encah
Encak	encak	https://dictionary.basabali.org/Encak
Encaka	encaka	https://dictionary.basabali.org/Encaka
Encakang	encakang	https://dictionary.basabali.org/Encakang
Encakanga	encakanga	https://dictionary.basabali.org/Encakanga
Encakina	encakina	https://dictionary.basabali.org/Encakina
Enceb	enceb	https://dictionary.basabali.org/Enceb
Enceg	enceg	https://dictionary.basabali.org/Enceg
Enceh	enceh	https://dictionary.basabali.org/Enceh
Encen	encen	https://dictionary.basabali.org/Encen
Encep	encep	https://dictionary.basabali.org/Encep
Encet	encet	https://dictionary.basabali.org/Encet
Enci	enci	https://dictionary.basabali.org/Enci
Encik	encik	https://dictionary.basabali.org/Encik
Encinin	encinin	https://dictionary.basabali.org/Encinin
Encit	encit	https://dictionary.basabali.org/Encit
Encob	encob	https://dictionary.basabali.org/Encob
Encol	encol	https://dictionary.basabali.org/Encol
Encotang	encotang	https://dictionary.basabali.org/Encotang
Encur	encur	https://dictionary.basabali.org/Encur
Endag	endag	https://dictionary.basabali.org/Endag
Endah	endah	https://dictionary.basabali.org/Endah
Endahang	endahang	https://dictionary.basabali.org/Endahang
Endang	endang	https://dictionary.basabali.org/Endang
Ended	ended	https://dictionary.basabali.org/Ended
Endeh	endeh	https://dictionary.basabali.org/Endeh
Endek	endek	https://dictionary.basabali.org/Endek
Endekang	endekang	https://dictionary.basabali.org/Endekang
Endel	endel	https://dictionary.basabali.org/Endel
Enden	enden	https://dictionary.basabali.org/Enden
Endep	endep	https://dictionary.basabali.org/Endep
Ender	ender	https://dictionary.basabali.org/Ender
Endes	endes	https://dictionary.basabali.org/Endes
Endet	endet	https://dictionary.basabali.org/Endet
Endig	endig	https://dictionary.basabali.org/Endig
Endih	endih	https://dictionary.basabali.org/Endih
Endik	endik	https://dictionary.basabali.org/Endik
Endo	endo	https://dictionary.basabali.org/Endo
Endok-endokan	endok-endokan	https://dictionary.basabali.org/Endok-endokan
Endon-endonan	endon-endonan	https://dictionary.basabali.org/Endon-endonan
Endongan	endongan	https://dictionary.basabali.org/Endongan
Enduh	enduh	https://dictionary.basabali.org/Enduh
Enduh-enduhan	enduh-enduhan	https://dictionary.basabali.org/Enduh-enduhan
Enduk	enduk	https://dictionary.basabali.org/Enduk
Endus	endus	https://dictionary.basabali.org/Endus
Endut	endut	https://dictionary.basabali.org/Endut
Ene	ene	https://dictionary.basabali.org/Ene
Enggal	enggal	https://dictionary.basabali.org/Enggal
Enggalang	enggalang	https://dictionary.basabali.org/Enggalang
Enggalin	enggalin	https://dictionary.basabali.org/Enggalin
Enggan	enggan	https://dictionary.basabali.org/Enggan
Enggang	enggang	https://dictionary.basabali.org/Enggang
Enggel	enggel	https://dictionary.basabali.org/Enggel
Engging	engging	https://dictionary.basabali.org/Engging
Enggung	enggung	https://dictionary.basabali.org/Enggung
Engid	engid	https://dictionary.basabali.org/Engid
Engit	engit	https://dictionary.basabali.org/Engit
Engkab	engkab	https://dictionary.basabali.org/Engkab
Engkag	engkag	https://dictionary.basabali.org/Engkag
Engkah	engkah	https://dictionary.basabali.org/Engkah
Engkahin	engkahin	https://dictionary.basabali.org/Engkahin
Engkak	engkak	https://dictionary.basabali.org/Engkak
Engkeb	engkeb	https://dictionary.basabali.org/Engkeb
Engkebang	engkebang	https://dictionary.basabali.org/Engkebang
Engked	engked	https://dictionary.basabali.org/Engked
Engkel	engkel	https://dictionary.basabali.org/Engkel
Engken	engken	https://dictionary.basabali.org/Engken
Engkes	engkes	https://dictionary.basabali.org/Engkes
Engket	engket	https://dictionary.basabali.org/Engket
Engket jarak	engket jarak	https://dictionary.basabali.org/Engket_jarak
Engkid	engkid	https://dictionary.basabali.org/Engkid
Engkis-engkis	engkis-engkis	https://dictionary.basabali.org/Engkis-engkis
Engkog	engkog	https://dictionary.basabali.org/Engkog
Engkol	engkol	https://dictionary.basabali.org/Engkol
Engkuk	engkuk	https://dictionary.basabali.org/Engkuk
Engsah	engsah	https://dictionary.basabali.org/Engsah
Engsap	engsap	https://dictionary.basabali.org/Engsap
Engsap-engsapan	engsap-engsapan	https://dictionary.basabali.org/Engsap-engsapan
Engseb	engseb	https://dictionary.basabali.org/Engseb
Engsek	engsek	https://dictionary.basabali.org/Engsek
Engsel	engsel	https://dictionary.basabali.org/Engsel
Engsog	engsog	https://dictionary.basabali.org/Engsog
Engsub	engsub	https://dictionary.basabali.org/Engsub
Engsut	engsut	https://dictionary.basabali.org/Engsut
Ening	ening	https://dictionary.basabali.org/Ening
Enjekan	enjekan	https://dictionary.basabali.org/Enjekan
Enjekin	enjekin	https://dictionary.basabali.org/Enjekin
Enjet	enjet	https://dictionary.basabali.org/Enjet
Enjetang	enjetang	https://dictionary.basabali.org/Enjetang
Enjing	enjing	https://dictionary.basabali.org/Enjing
Enjit-enjit	enjit-enjit	https://dictionary.basabali.org/Enjit-enjit
Enjitan	enjitan	https://dictionary.basabali.org/Enjitan
Enjok-enjok	enjok-enjok	https://dictionary.basabali.org/Enjok-enjok
Enjot	enjot	https://dictionary.basabali.org/Enjot
Enjot-enjot	enjot-enjot	https://dictionary.basabali.org/Enjot-enjot
Enjuh	enjuh	https://dictionary.basabali.org/Enjuh
Enjuhin	enjuhin	https://dictionary.basabali.org/Enjuhin
Enjung	enjung	https://dictionary.basabali.org/Enjung
Enjut	enjut	https://dictionary.basabali.org/Enjut
Enjut-enjutan	enjut-enjutan	https://dictionary.basabali.org/Enjut-enjutan
Enjutan	enjutan	https://dictionary.basabali.org/Enjutan
Enjétanga	enjétanga	https://dictionary.basabali.org/Enj%C3%A9tanga
Enot	enot	https://dictionary.basabali.org/Enot
Ental	ental	https://dictionary.basabali.org/Ental
Entas	entas	https://dictionary.basabali.org/Entas
Entasan	entasan	https://dictionary.basabali.org/Entasan
Entasin	entasin	https://dictionary.basabali.org/Entasin
Entasina	entasina	https://dictionary.basabali.org/Entasina
Enteb	enteb	https://dictionary.basabali.org/Enteb
Enteban	enteban	https://dictionary.basabali.org/Enteban
Enteg	enteg	https://dictionary.basabali.org/Enteg
Entegang	entegang	https://dictionary.basabali.org/Entegang
Entel	entel	https://dictionary.basabali.org/Entel
Entelan	entelan	https://dictionary.basabali.org/Entelan
Enten	enten	https://dictionary.basabali.org/Enten
Enteng	enteng	https://dictionary.basabali.org/Enteng
Enteran	enteran	https://dictionary.basabali.org/Enteran
Enterin	enterin	https://dictionary.basabali.org/Enterin
Enterina	enterina	https://dictionary.basabali.org/Enterina
Entik	entik	https://dictionary.basabali.org/Entik
Entik-entikan	entik-entikan	https://dictionary.basabali.org/Entik-entikan
Entikan	entikan	https://dictionary.basabali.org/Entikan
Entikan gumi	entikan gumi	https://dictionary.basabali.org/Entikan_gumi
Entil	entil	https://dictionary.basabali.org/Entil
Entip	entip	https://dictionary.basabali.org/Entip
Ento	ento	https://dictionary.basabali.org/Ento
Entud	entud	https://dictionary.basabali.org/Entud
Entug	entug	https://dictionary.basabali.org/Entug
Entuk	entuk	https://dictionary.basabali.org/Entuk
Entung	entung	https://dictionary.basabali.org/Entung
Entungang	entungang	https://dictionary.basabali.org/Entungang
Entunganga	entunganga	https://dictionary.basabali.org/Entunganga
Entut	entut	https://dictionary.basabali.org/Entut
Enu	enu	https://dictionary.basabali.org/Enu
Enyag	enyag	https://dictionary.basabali.org/Enyag
Enyat	enyat	https://dictionary.basabali.org/Enyat
Enyeh	enyeh	https://dictionary.basabali.org/Enyeh
Enyit	enyit	https://dictionary.basabali.org/Enyit
Enyog	enyog	https://dictionary.basabali.org/Enyog
Enyor	enyor	https://dictionary.basabali.org/Enyor
Epak	epak	https://dictionary.basabali.org/Epak
Epeh	epeh	https://dictionary.basabali.org/Epeh
Epep	epep	https://dictionary.basabali.org/Epep
Epepang	epepang	https://dictionary.basabali.org/Epepang
Epot	epot	https://dictionary.basabali.org/Epot
Epuh	epuh	https://dictionary.basabali.org/Epuh
Erang	erang	https://dictionary.basabali.org/Erang
Erang-erang	erang-erang	https://dictionary.basabali.org/Erang-erang
Erangan	erangan	https://dictionary.basabali.org/Erangan
Eras	eras	https://dictionary.basabali.org/Eras
Erasang	erasang	https://dictionary.basabali.org/Erasang
Ercis	ercis	https://dictionary.basabali.org/Ercis
Ereb	ereb	https://dictionary.basabali.org/Ereb
Ered	ered	https://dictionary.basabali.org/Ered
Eret	eret	https://dictionary.basabali.org/Eret
Ergilo	ergilo	https://dictionary.basabali.org/Ergilo
Eris	eris	https://dictionary.basabali.org/Eris
Erjara	erjara	https://dictionary.basabali.org/Erjara
Ersani	ersani	https://dictionary.basabali.org/Ersani
Ertali	ertali	https://dictionary.basabali.org/Ertali
Ertambang	ertambang	https://dictionary.basabali.org/Ertambang
Eruh	eruh	https://dictionary.basabali.org/Eruh
Es	es	https://dictionary.basabali.org/Es
Es Kuud	es kuud	https://dictionary.basabali.org/Es_Kuud
Es blok	es blok	https://dictionary.basabali.org/Es_blok
Es doger	es doger	https://dictionary.basabali.org/Es_doger
Es krim	es krim	https://dictionary.basabali.org/Es_krim
Eseh	eseh	https://dictionary.basabali.org/Eseh
Esti	esti	https://dictionary.basabali.org/Esti
Esuh	esuh	https://dictionary.basabali.org/Esuh
Eteh-eteh	eteh-eteh	https://dictionary.basabali.org/Eteh-eteh
Eteng	eteng	https://dictionary.basabali.org/Eteng
Etet	etet	https://dictionary.basabali.org/Etet
Etis	etis	https://dictionary.basabali.org/Etis
Etuh	etuh	https://dictionary.basabali.org/Etuh
Ewa	ewa	https://dictionary.basabali.org/Ewa
Ewaanga	ewaanga	https://dictionary.basabali.org/Ewaanga
Eweh	eweh	https://dictionary.basabali.org/Eweh
Ewer	ewer	https://dictionary.basabali.org/Ewer
Édan	édan	https://dictionary.basabali.org/%C3%89dan
Émbong	émbong	https://dictionary.basabali.org/%C3%89mbong
Éndragana	éndragana	https://dictionary.basabali.org/%C3%89ndragana
Éédan	éédan	https://dictionary.basabali.org/%C3%89%C3%A9dan
